{
	"credit": "Made with Blockbench",
	"textures": {
		"0": "guns:b/bookcover",
		"1": "guns:b/pages_sides",
		"2": "guns:b/pages",
		"3": "guns:b/h_rune",
		"4": "guns:b/texture",
		"particle": "guns:b/bookcover"
	},
	"elements": [
		{
			"from": [8, 0, 4],
			"to": [14, 0.1, 13],
			"rotation": {"angle": 22.5, "axis": "z", "origin": [8, 0, 0]},
			"faces": {
				"north": {"uv": [0, 0, 6, 0.1], "texture": "#0"},
				"east": {"uv": [0, 0, 9, 0.1], "texture": "#0"},
				"south": {"uv": [0, 0, 6, 0.1], "texture": "#0"},
				"west": {"uv": [0, 0, 9, 0.1], "texture": "#0"},
				"up": {"uv": [0, 0, 6, 9], "texture": "#0"},
				"down": {"uv": [0, 0, 6, 9], "texture": "#0"}
			}
		},
		{
			"from": [2, 0, 4],
			"to": [8, 0.1, 13],
			"rotation": {"angle": -22.5, "axis": "z", "origin": [8, 0, 0]},
			"faces": {
				"north": {"uv": [0, 0, 6, 0.1], "texture": "#0"},
				"east": {"uv": [0, 0, 9, 0.1], "texture": "#0"},
				"south": {"uv": [0, 0, 6, 0.1], "texture": "#0"},
				"west": {"uv": [0, 0, 9, 0.1], "texture": "#0"},
				"up": {"uv": [0, 0, 6, 9], "texture": "#0"},
				"down": {"uv": [0, 0, 6, 9], "texture": "#0"}
			}
		},
		{
			"from": [2.25, 0.1, 4.3],
			"to": [7.95, 0.7, 12.7],
			"rotation": {"angle": -22.5, "axis": "z", "origin": [8, 0, 0]},
			"faces": {
				"north": {"uv": [0, 0, 16, 16], "texture": "#1"},
				"east": {"uv": [0, 0, 16, 16], "texture": "#1"},
				"south": {"uv": [0, 0, 16, 16], "texture": "#1"},
				"west": {"uv": [0, 0, 16, 16], "texture": "#1"},
				"up": {"uv": [0, 0, 8, 16], "texture": "#2"},
				"down": {"uv": [0, 0, 5.7, 8.4], "texture": "#1"}
			}
		},
		{
			"from": [8.025, 0.1, 4.3],
			"to": [13.725, 0.7, 12.7],
			"rotation": {"angle": 22.5, "axis": "z", "origin": [8, 0, 0]},
			"faces": {
				"north": {"uv": [0, 0, 16, 16], "texture": "#1"},
				"east": {"uv": [0, 0, 16, 16], "texture": "#1"},
				"south": {"uv": [0, 0, 16, 16], "texture": "#1"},
				"west": {"uv": [0, 0, 16, 16], "texture": "#1"},
				"up": {"uv": [8, 0, 16, 16], "texture": "#2"},
				"down": {"uv": [0, 0, 5.7, 8.4], "texture": "#1"}
			}
		},
		{
			"from": [6, 3, 6.5],
			"to": [10, 3, 10.5],
			"faces": {
				"north": {"uv": [0, 0, 1, 1], "texture": "#3"},
				"east": {"uv": [0, 0, 1, 1], "texture": "#3"},
				"south": {"uv": [0, 0, 1, 1], "texture": "#3"},
				"west": {"uv": [0, 0, 1, 1], "texture": "#3"},
				"up": {"uv": [0, 0, 16, 16], "texture": "#3"},
				"down": {"uv": [0, 0, 16, 16], "texture": "#3"}
			}
		},
		{
			"from": [5.5, 3.25, 6.5],
			"to": [10.5, 10.25, 6.5],
			"rotation": {"angle": 22.5, "axis": "x", "origin": [0, 0, 0]},
			"faces": {
				"north": {"uv": [0, 0, 16, 16], "texture": "#4"},
				"east": {"uv": [0, 0, 0, 7], "texture": "#4"},
				"south": {"uv": [16, 0, 0, 16], "texture": "#4"},
				"west": {"uv": [0, 0, 0, 7], "texture": "#4"},
				"up": {"uv": [0, 0, 5, 0], "texture": "#4"},
				"down": {"uv": [0, 0, 5, 0], "texture": "#4"}
			}
		}
	],
	"display": {
		"firstperson_righthand": {
			"rotation": [30, -180, 0],
			"translation": [0.25, 8, 3.5],
			"scale": [0.8, 0.8, 0.8]
		}
	}
}