{
	"credit": "Made with Blockbench",
	"textures": {
		"0": "guns:modeltexture/woodx64_1",
		"3": "guns:modeltexture/iron_2",
		"4": "guns:modeltexture/iron_3",
		"6": "guns:modeltexture/gun_details_1",
		"particle": "guns:modeltexture/iron_2"
	},
	"elements": [
		{
			"name": "butt",
			"from": [7.11, 10.41, -2.4],
			"to": [8.89, 11.49, -1.62],
			"rotation": {"angle": -45, "axis": "x", "origin": [8.002, 8, 8]},
			"faces": {
				"north": {"uv": [0, 0, 1.08, 1.78], "rotation": 90, "texture": "#0"},
				"east": {"uv": [0, 2.5, 0.78, 3.58], "texture": "#0"},
				"west": {"uv": [0, 2.5, 0.78, 3.58], "texture": "#0"},
				"up": {"uv": [0, 0, 0.78, 1.78], "rotation": 90, "texture": "#0"},
				"down": {"uv": [0, 0, 0.78, 1.78], "rotation": 90, "texture": "#0"}
			}
		},
		{
			"name": "butt",
			"from": [7.1, 6.35, 3.8],
			"to": [8.9, 7.45, 5.4],
			"rotation": {"angle": -45, "axis": "x", "origin": [8, 6.73522, 4.03196]},
			"faces": {
				"east": {"uv": [0, 2.5, 1.6, 3.6], "texture": "#0"},
				"south": {"uv": [0, 0, 2, 1.3], "texture": "#0"},
				"west": {"uv": [0, 2.5, 1.6, 3.6], "texture": "#0"},
				"up": {"uv": [0, 0, 1.6, 1.8], "rotation": 90, "texture": "#0"}
			}
		},
		{
			"name": "butt",
			"from": [7.01, 10.36629, -2.05162],
			"to": [8.99, 11.54629, 1.92838],
			"rotation": {"angle": -45, "axis": "x", "origin": [8.002, 7.95629, 7.93838]},
			"faces": {
				"east": {"uv": [0, 2.5, 3.98, 3.68], "texture": "#0"},
				"south": {"uv": [0, 0, 1.98, 1.28], "texture": "#0"},
				"west": {"uv": [0, 2.5, 3.98, 3.68], "texture": "#0"},
				"up": {"uv": [0, 0, 3.98, 1.98], "rotation": 90, "texture": "#0"},
				"down": {"uv": [0, 0, 3.98, 1.98], "rotation": 90, "texture": "#0"}
			}
		},
		{
			"name": "butt",
			"from": [6.998, 7.85, 1],
			"to": [8.998, 9, 4.7],
			"rotation": {"angle": -22.5, "axis": "x", "origin": [8, 8, 8]},
			"faces": {
				"north": {"uv": [0, 0, 1.15, 2], "rotation": 90, "texture": "#0"},
				"east": {"uv": [0, 2.5, 3.7, 3.65], "texture": "#0"},
				"south": {"uv": [0, 0, 2, 1.15], "texture": "#0"},
				"west": {"uv": [0, 2.5, 3.7, 3.65], "texture": "#0"},
				"up": {"uv": [0, 0, 3.7, 2], "rotation": 90, "texture": "#0"},
				"down": {"uv": [0, 0, 3.7, 2], "rotation": 90, "texture": "#0"}
			}
		},
		{
			"name": "barrel",
			"from": [8.1, 7.4, 6.8],
			"to": [9.3, 8.6, 18.8],
			"faces": {
				"north": {"uv": [2.75, 0, 5.5, 2.75], "texture": "#6"},
				"east": {"uv": [1, 7, 15.997, 8.697], "texture": "#4"},
				"south": {"uv": [5.75, 3, 7.999, 5.25], "texture": "#6"},
				"west": {"uv": [15.997, 7, 1, 8.697], "texture": "#4"},
				"up": {"uv": [1, 7, 15.997, 8.697], "rotation": 270, "texture": "#4"},
				"down": {"uv": [1, 7, 15.997, 8.697], "rotation": 270, "texture": "#4"}
			}
		},
		{
			"name": "barrel",
			"from": [6.7, 7.4, 6.8],
			"to": [7.9, 8.6, 18.8],
			"faces": {
				"north": {"uv": [2.75, 0, 5.5, 2.75], "texture": "#6"},
				"east": {"uv": [1, 7, 15.997, 8.697], "texture": "#4"},
				"south": {"uv": [5.75, 3, 7.999, 5.25], "texture": "#6"},
				"west": {"uv": [15.997, 7, 1, 8.697], "texture": "#4"},
				"up": {"uv": [1, 7, 15.997, 8.697], "rotation": 270, "texture": "#4"},
				"down": {"uv": [1, 7, 15.997, 8.697], "rotation": 270, "texture": "#4"}
			}
		},
		{
			"name": "barrel",
			"from": [7.075, 8.6, 6.4],
			"to": [7.575, 8.8, 7.2],
			"rotation": {"angle": 0, "axis": "y", "origin": [7.975, 8, 8]},
			"faces": {
				"north": {"uv": [0, 0, 0.5, 0.2], "rotation": 180, "texture": "#3"},
				"east": {"uv": [0, 0, 0.8, 0.2], "texture": "#3"},
				"south": {"uv": [0, 0, 0.5, 0.2], "texture": "#3"},
				"west": {"uv": [0, 0, 0.8, 0.2], "rotation": 180, "texture": "#3"},
				"up": {"uv": [0, 8.25, 1.55, 9], "rotation": 270, "texture": "#3"},
				"down": {"uv": [0, 0, 0.8, 0.5], "rotation": 90, "texture": "#3"}
			}
		},
		{
			"name": "barrel",
			"from": [8.425, 8.6, 6.4],
			"to": [8.925, 8.8, 7.2],
			"rotation": {"angle": 0, "axis": "y", "origin": [7.975, 8, 8]},
			"faces": {
				"north": {"uv": [0, 0, 0.5, 0.2], "rotation": 180, "texture": "#3"},
				"east": {"uv": [0, 0, 0.8, 0.2], "texture": "#3"},
				"south": {"uv": [0, 0, 0.5, 0.2], "texture": "#3"},
				"west": {"uv": [0, 0, 0.8, 0.2], "rotation": 180, "texture": "#3"},
				"up": {"uv": [0, 8.25, 1.55, 9], "rotation": 270, "texture": "#3"},
				"down": {"uv": [0, 0, 0.8, 0.5], "rotation": 90, "texture": "#3"}
			}
		},
		{
			"name": "body",
			"from": [8.1, 7.4, 5.8],
			"to": [9.3, 8.6, 6.8],
			"faces": {
				"north": {"uv": [12.75, 6.75, 14.499, 8.95], "rotation": 180, "texture": "#4"},
				"east": {"uv": [12.75, 6.75, 14.499, 8.95], "rotation": 180, "texture": "#4"},
				"south": {"uv": [8.75, 0.25, 10.75, 2.5], "texture": "#6"},
				"west": {"uv": [12.75, 6.75, 14.499, 8.95], "rotation": 180, "texture": "#4"},
				"up": {"uv": [12.75, 6.75, 14.499, 8.95], "rotation": 180, "texture": "#4"},
				"down": {"uv": [12.75, 6.75, 14.499, 8.95], "rotation": 180, "texture": "#4"}
			}
		},
		{
			"name": "body",
			"from": [6.7, 7.4, 5.8],
			"to": [7.9, 8.6, 6.8],
			"faces": {
				"north": {"uv": [12.75, 6.75, 14.499, 8.95], "rotation": 180, "texture": "#4"},
				"east": {"uv": [12.75, 6.75, 14.499, 8.95], "rotation": 180, "texture": "#4"},
				"south": {"uv": [8.75, 0.25, 10.75, 2.5], "texture": "#6"},
				"west": {"uv": [12.75, 6.75, 14.499, 8.95], "rotation": 180, "texture": "#4"},
				"up": {"uv": [12.75, 6.75, 14.499, 8.95], "rotation": 180, "texture": "#4"},
				"down": {"uv": [12.75, 6.75, 14.499, 8.95], "rotation": 180, "texture": "#4"}
			}
		},
		{
			"name": "body",
			"from": [7.4, 7.1, 16.4],
			"to": [8.6, 7.5, 18],
			"rotation": {"angle": 0, "axis": "y", "origin": [8, 8, 7.9]},
			"faces": {
				"north": {"uv": [0, 0, 1.2, 0.4], "texture": "#0"},
				"east": {"uv": [0, 4.75, 1.6, 5.15], "texture": "#0"},
				"south": {"uv": [0, 11, 1.2, 11.4], "texture": "#0"},
				"west": {"uv": [0, 4.75, 1.6, 5.15], "texture": "#0"},
				"up": {"uv": [0, 0, 1.6, 1.2], "rotation": 90, "texture": "#0"},
				"down": {"uv": [0, 4.25, 1.6, 5.45], "rotation": 90, "texture": "#0"}
			}
		},
		{
			"name": "body",
			"from": [7.101, 6.7, 10.6],
			"to": [8.901, 7.5, 13.8],
			"faces": {
				"east": {"uv": [0, 1.5, 3.2, 2.3], "texture": "#0"},
				"south": {"uv": [0, 3.5, 1.8, 4.3], "texture": "#0"},
				"west": {"uv": [0, 1.5, 3.2, 2.3], "texture": "#0"},
				"up": {"uv": [0, 0, 3.2, 1.8], "rotation": 90, "texture": "#0"},
				"down": {"uv": [0, 3.25, 3.2, 5.05], "rotation": 90, "texture": "#0"}
			}
		},
		{
			"name": "body",
			"from": [7.1, 6.7, 7.4],
			"to": [8.9, 7.5, 10.6],
			"rotation": {"angle": 0, "axis": "y", "origin": [7.999, 8, 8]},
			"faces": {
				"north": {"uv": [4.25, 0, 6.05, 0.8], "texture": "#3"},
				"east": {"uv": [0, 5.25, 3.2, 6.05], "texture": "#3"},
				"south": {"uv": [0, 3.5, 1.8, 4.3], "texture": "#3"},
				"west": {"uv": [4.05, 5.25, 0, 7.6], "texture": "#3"},
				"up": {"uv": [0, 0, 5.45, 2.3], "rotation": 90, "texture": "#3"},
				"down": {"uv": [0, 5.25, 4.05, 7.6], "rotation": 90, "texture": "#3"}
			}
		},
		{
			"name": "body",
			"from": [6.79967, 7.5, 5.5],
			"to": [7.79967, 8.5, 6.3],
			"rotation": {"angle": 0, "axis": "y", "origin": [7.99967, 8, 8]},
			"faces": {
				"north": {"uv": [6.75, 0, 7.55, 1], "rotation": 90, "texture": "#4"},
				"east": {"uv": [6.75, 0, 7.55, 1], "rotation": 90, "texture": "#4"},
				"west": {"uv": [6.75, 0, 7.55, 1], "rotation": 90, "texture": "#4"},
				"up": {"uv": [6.75, 0, 7.55, 1], "rotation": 90, "texture": "#4"},
				"down": {"uv": [6.75, 0, 7.55, 1], "rotation": 90, "texture": "#4"}
			}
		},
		{
			"name": "body",
			"from": [8.19967, 7.5, 5.5],
			"to": [9.19967, 8.5, 6.3],
			"rotation": {"angle": 0, "axis": "y", "origin": [7.99967, 8, 8]},
			"faces": {
				"north": {"uv": [6.75, 0, 7.55, 1], "rotation": 90, "texture": "#4"},
				"east": {"uv": [6.75, 0, 7.55, 1], "rotation": 90, "texture": "#4"},
				"west": {"uv": [6.75, 0, 7.55, 1], "rotation": 90, "texture": "#4"},
				"up": {"uv": [6.75, 0, 7.55, 1], "rotation": 90, "texture": "#4"},
				"down": {"uv": [6.75, 0, 7.55, 1], "rotation": 90, "texture": "#4"}
			}
		},
		{
			"name": "body",
			"from": [7.4, 6.8, 13.7],
			"to": [8.6, 7.4, 16.5],
			"faces": {
				"east": {"uv": [0, 3, 2.8, 3.6], "texture": "#0"},
				"south": {"uv": [0, 10, 1.2, 10.6], "texture": "#0"},
				"west": {"uv": [0, 3, 2.8, 3.6], "texture": "#0"},
				"up": {"uv": [0, 0, 2.8, 1.2], "rotation": 90, "texture": "#0"},
				"down": {"uv": [0, 4, 2.8, 5.2], "rotation": 90, "texture": "#0"}
			}
		},
		{
			"name": "body",
			"from": [7.00067, 6.6, 4.5],
			"to": [9.00067, 8.2, 6.5],
			"rotation": {"angle": 0, "axis": "y", "origin": [7.99967, 8, 8]},
			"faces": {
				"north": {"uv": [8.749, 7.5, 5.25, 10.349], "texture": "#3"},
				"east": {"uv": [8.749, 7.5, 5.25, 10.349], "texture": "#3"},
				"south": {"uv": [2.25, 3.75, 14.55, 7.85], "texture": "#3"},
				"west": {"uv": [5.25, 7.5, 8.749, 10.349], "texture": "#3"},
				"up": {"uv": [5.25, 7.5, 8.749, 10.349], "rotation": 90, "texture": "#3"},
				"down": {"uv": [5.25, 7.5, 8.749, 10.349], "rotation": 90, "texture": "#3"}
			}
		},
		{
			"name": "body",
			"from": [7, 6.6, 6.5],
			"to": [9, 7.4, 9.5],
			"rotation": {"angle": 0, "axis": "y", "origin": [7.999, 8, 8]},
			"faces": {
				"north": {"uv": [5.75, 9.5, 7.75, 10.3], "texture": "#3"},
				"east": {"uv": [4, 9.5, 10.5, 11.549], "texture": "#3"},
				"south": {"uv": [5.75, 9.5, 7.75, 10.3], "texture": "#3"},
				"west": {"uv": [10.5, 9.5, 4, 11.549], "texture": "#3"},
				"up": {"uv": [4.25, 0, 8.749, 2.5], "rotation": 90, "texture": "#3"},
				"down": {"uv": [0, 5, 15.8, 9.1], "rotation": 90, "texture": "#3"}
			}
		},
		{
			"name": "body",
			"from": [6.875, 6.8, 8.75],
			"to": [9.125, 7.3, 9.25],
			"faces": {
				"north": {"uv": [0, 10.5, 2.25, 11], "texture": "#3"},
				"east": {"uv": [0.25, 3, 2.5, 5.25], "texture": "#6"},
				"south": {"uv": [0, 10.5, 2.25, 11], "texture": "#3"},
				"west": {"uv": [0.25, 3, 2.5, 5.25], "texture": "#6"},
				"up": {"uv": [0, 10.5, 2.25, 11], "texture": "#3"},
				"down": {"uv": [0, 10.5, 2.25, 11], "texture": "#3"}
			}
		},
		{
			"name": "tigger",
			"from": [7.65, 5.09, 5.05],
			"to": [8.35, 6.69, 5.25],
			"rotation": {"angle": 0, "axis": "y", "origin": [7.75, 8.09, 8.15]},
			"faces": {
				"north": {"uv": [6.5, 1.75, 9.349, 2.95], "rotation": 90, "texture": "#3"},
				"east": {"uv": [0, 0, 6.9, 0.8], "rotation": 90, "texture": "#3"},
				"south": {"uv": [6.5, 1.75, 9.349, 2.95], "rotation": 90, "texture": "#3"},
				"west": {"uv": [0, 0, 6.9, 0.8], "rotation": 90, "texture": "#3"},
				"down": {"uv": [0, 0, 7.15, 1.05], "texture": "#3"}
			}
		},
		{
			"name": "tigger",
			"from": [7.735, 5.68547, 5.92173],
			"to": [8.265, 5.86547, 6.30173],
			"rotation": {"angle": 22.5, "axis": "x", "origin": [8.125, 5.58547, 5.92173]},
			"faces": {
				"east": {"uv": [0, 0, 0.38, 0.18], "texture": "#4"},
				"south": {"uv": [0, 8.25, 0.53, 8.43], "texture": "#4"},
				"west": {"uv": [0, 8.25, 0.53, 8.43], "texture": "#4"},
				"up": {"uv": [0, 0, 0.38, 0.18], "texture": "#4"},
				"down": {"uv": [0, 0, 0.38, 0.53], "rotation": 90, "texture": "#4"}
			}
		},
		{
			"name": "tigger",
			"from": [7.725, 6.75, 5.15],
			"to": [8.275, 7.95, 5.35],
			"rotation": {"angle": -22.5, "axis": "x", "origin": [8.125, 8.25, 8.25]},
			"faces": {
				"north": {"uv": [0, 0, 1.2, 0.2], "rotation": 90, "texture": "#4"},
				"east": {"uv": [0, 0, 1.2, 0.2], "rotation": 90, "texture": "#4"},
				"south": {"uv": [0, 0, 1.2, 0.2], "rotation": 90, "texture": "#4"},
				"west": {"uv": [0, 0, 1.2, 0.2], "rotation": 90, "texture": "#4"}
			}
		},
		{
			"name": "tigger",
			"from": [7.65, 4.89, 5.15],
			"to": [8.35, 5.09, 7.05],
			"rotation": {"angle": 0, "axis": "y", "origin": [7.75, 8, 8.25]},
			"faces": {
				"north": {"uv": [0, 0, 2.399, 0.8], "texture": "#3"},
				"east": {"uv": [0, 0, 6.9, 0.8], "texture": "#3"},
				"south": {"uv": [0, 0, 2.399, 0.8], "texture": "#3"},
				"west": {"uv": [0, 0, 6.9, 0.8], "texture": "#3"},
				"up": {"uv": [6.5, 1.75, 9.349, 2.95], "rotation": 90, "texture": "#3"},
				"down": {"uv": [6.5, 1.75, 9.349, 2.95], "rotation": 90, "texture": "#3"}
			}
		},
		{
			"name": "tigger",
			"from": [7.65, 5.09, 6.95],
			"to": [8.35, 6.69, 7.15],
			"rotation": {"angle": 0, "axis": "y", "origin": [7.75, 8.09, 8.35]},
			"faces": {
				"north": {"uv": [6.5, 1.75, 9.349, 2.95], "rotation": 90, "texture": "#3"},
				"east": {"uv": [0, 0, 6.9, 0.8], "rotation": 90, "texture": "#3"},
				"south": {"uv": [6.5, 1.75, 9.349, 2.95], "rotation": 90, "texture": "#3"},
				"west": {"uv": [0, 0, 6.9, 0.8], "rotation": 90, "texture": "#3"},
				"down": {"uv": [0, 0, 7.15, 1.05], "texture": "#3"}
			}
		}
	],
	"gui_light": "front"
}