{
	"credit": "Made with Blockbench",
	"textures": {
		"0": "guns:tennisrocket"
	},
	"elements": [
		{
			"from": [7.5, 0, 7.375],
			"to": [8.5, 3.5, 8.625],
			"faces": {
				"north": {"uv": [0, 0, 2, 7], "texture": "#0"},
				"east": {"uv": [0, 0, 3, 7], "texture": "#0"},
				"south": {"uv": [2, 0, 4, 7], "texture": "#0"},
				"west": {"uv": [0, 0, 3, 7], "texture": "#0"},
				"up": {"uv": [0, 0, 2, 3], "texture": "#0"},
				"down": {"uv": [0, 0, 2, 3], "texture": "#0"}
			}
		},
		{
			"from": [7.75, 3.5, 5],
			"to": [8.25, 10.5, 11],
			"faces": {
				"north": {"uv": [0, 0, 1, 7], "texture": "#0"},
				"east": {"uv": [10, 0, 16, 7], "texture": "#0"},
				"south": {"uv": [0, 0, 2, 14], "texture": "#0"},
				"west": {"uv": [10, 9, 16, 16], "texture": "#0"},
				"up": {"uv": [0, 0, 2, 12], "texture": "#0"},
				"down": {"uv": [0, 0, 2, 12], "texture": "#0"}
			}
		}
	],
	"display": {
		"thirdperson_righthand": {
			"rotation": [0, -73, 0],
			"translation": [0, 5.25, 0.75]
		},
		"firstperson_righthand": {
			"rotation": [0, 99, 8],
			"translation": [0, 5.25, 0.75]
		},
		"gui": {
			"rotation": [60, 60, -63],
			"translation": [1, 2.5, 0],
			"scale": [1.25, 1.25, 1.25]
		}
	}
}