{
	"parent": "guns:base/ak",
	"display": {
		"thirdperson_righthand": {
			"rotation": [0, 180, 0],
			"translation": [0, -2, -2.25],
			"scale": [0.55, 0.55, 0.55]
		},
		"thirdperson_lefthand": {
			"rotation": [0, 180, 0],
			"translation": [0, -2, -2.25],
			"scale": [0.55, 0.55, 0.55]
		},
		"firstperson_righthand": {
			"rotation": [0, 180, 0],
			"translation": [-1, -5.25, -2],
			"scale": [1.25, 1.25, 0.75]
		},
		"firstperson_lefthand": {
			"rotation": [0, 180, 0],
			"translation": [-1, -5.25, -2],
			"scale": [1.25, 1.25, 0.75]
		},
		"ground": {
			"rotation": [0, 0, 90],
			"translation": [0.25, 0, 0],
			"scale": [0.15, 0.15, 0.15]
		},
		"gui": {
			"rotation": [-90, 45, 90],
			"translation": [1.25, -1.25, 0],
			"scale": [0.425, 0.425, 0.425]
		},
		"fixed": {
			"rotation": [-60, 0, -90],
			"translation": [-1.75, 4.75, -12],
			"scale": [1.1, 1.1, 1.1]
		}
	}
}