{
	"parent": "guns:base/awp",
	"display": {
		"thirdperson_righthand": {
			"rotation": [0, -180, 0],
			"translation": [0, 1.5, -3.75]
		},
		"firstperson_righthand": {
			"rotation": [0, 180, 0],
			"translation": [-4.5, 4.5, 0]
		},
		"ground": {
			"rotation": [0, 0, 90],
			"translation": [0, -2.5, 0],
			"scale": [0.8, 0.8, 0.8]
		},
		"gui": {
			"rotation": [90, 135, -90],
			"translation": [-1.5, -0.5, -1.5],
			"scale": [0.6, 0.6, 0.6]
		},
		"fixed": {
			"rotation": [90, -135, 90],
			"translation": [2, -0.5, -1],
			"scale": [0.75, 0.75, 0.75]
		}
	}
}