{
	"parent": "guns:base/sawed_off",
	"display": {
		"thirdperson_righthand": {
			"rotation": [180, 0, 180],
			"translation": [-2, 1.6, -1.5],
			"scale": [0.8, 0.8, 0.65]
		},
		"firstperson_righthand": {
			"rotation": [0, -180, 0],
			"translation": [-1, 2, -2]
		},
		"ground": {
			"translation": [0, 3.25, 0],
			"scale": [0.6, 0.6, 0.6]
		},
		"gui": {
			"rotation": [-90, 60, 100],
			"translation": [-1.7, 1.5, 0],
			"scale": [0.94, 1.29, 0.82]
		},
		"fixed": {
			"rotation": [0, 90, 0],
			"translation": [0, 0, -2.25]
		}
	}
}